2 Futures Can Explain Time's Mysterious Past,http://rss.slashdot.org/~r/Slashdot/slashdot/~3/0uKDA_xVioM/story01.htm,"cyberspittle sends this excerpt from Scientific American: Tentative new work ... suggests that perhaps the arrow of time doesn't really require a fine-tuned, low-entropy initial state at all but is instead the inevitable product of the fundamental laws of physics. Barbour and his colleagues argue that it is gravity, rather than thermodynamics, that draws the bowstring to let time's arrow fly. Their findings were published in October in Physical Review Letters.<p><div class=""share_submission"" style=""position:relative;""> <a class=""slashpop"" href=""http://twitter.com/home?status=2+Futures+Can+Explain+Time's+Mysterious+Past%3A+http%3A%2F%2Fbit.ly%2F1wVy03j""><img src=""http://a.fsdn.com/sd/twitter_icon_large.png""></a> <a class=""slashpop"" href=""http://www.facebook.com/sharer.php?u=http%3A%2F%2Fscience.slashdot.org%2Fstory%2F14%2F12%2F09%2F0411208%2F2-futures-can-explain-times-mysterious-past%3Futm_source%3Dslashdot%26utm_medium%3Dfacebook""><img src=""http://a.fsdn.com/sd/facebook_icon_large.png""></a> <a class=""nobg"" href=""http://plus.google.com/share?url=http://science.slashdot.org/story/14/12/09/0411208/2-futures-can-explain-times-mysterious-past?utm_source=slashdot&amp;utm_medium=googleplus"" onclick=""javascript:window.open(this.href,'', 'menubar=no,toolbar=no,resizable=yes,scrollbars=yes,height=600,width=600');return false;""><img src=""http://www.gstatic.com/images/icons/gplus-16.png"" alt=""Share on Google+""/></a> </div></p><p><a href=""http://science.slashdot.org/story/14/12/09/0411208/2-futures-can-explain-times-mysterious-past?utm_source=rss1.0moreanon&amp;utm_medium=feed"">Read more of this story</a> at Slashdot.</p><iframe src=""http://slashdot.org/slashdot-it.pl?op=discuss&amp;id=6333399&amp;smallembed=1"" style=""height: 300px; width: 100%; border: none;""></iframe><img width='1' height='1' src='http://slashdot.feedsportal.com/c/35028/f/647410/s/4140421f/sc/38/mf.gif' border='0'/><br clear='all'/><br/><br/><a href=""http://da.feedsportal.com/r/214612533781/u/49/f/647410/c/35028/s/4140421f/sc/38/rc/1/rc.htm"" rel=""nofollow""><img src=""http://da.feedsportal.com/r/214612533781/u/49/f/647410/c/35028/s/4140421f/sc/38/rc/1/rc.img"" border=""0""/></a><br/><a href=""http://da.feedsportal.com/r/214612533781/u/49/f/647410/c/35028/s/4140421f/sc/38/rc/2/rc.htm"" rel=""nofollow""><img src=""http://da.feedsportal.com/r/214612533781/u/49/f/647410/c/35028/s/4140421f/sc/38/rc/2/rc.img"" border=""0""/></a><br/><a href=""http://da.feedsportal.com/r/214612533781/u/49/f/647410/c/35028/s/4140421f/sc/38/rc/3/rc.htm"" rel=""nofollow""><img src=""http://da.feedsportal.com/r/214612533781/u/49/f/647410/c/35028/s/4140421f/sc/38/rc/3/rc.img"" border=""0""/></a><br/><br/><a href=""http://da.feedsportal.com/r/214612533781/u/49/f/647410/c/35028/s/4140421f/sc/38/a2.htm""><img src=""http://da.feedsportal.com/r/214612533781/u/49/f/647410/c/35028/s/4140421f/sc/38/a2.img"" border=""0""/></a><img width=""1"" height=""1"" src=""http://pi.feedsportal.com/r/214612533781/u/49/f/647410/c/35028/s/4140421f/sc/38/a2t.img"" border=""0""/><img src=""//feeds.feedburner.com/~r/Slashdot/slashdot/~4/0uKDA_xVioM"" height=""1"" width=""1"" alt=""""/>"
A cabinet of invisible curiosities (Physicsworld),http://news.feedzilla.com/en_us/stories/science/409509437?client_source=api&format=json,"Philip Ball's book on the science - and superstition - of invisibility through
the ages, reviewed by **Ulf Leonhardt**

"
AdNauseam Browser Extension Quietly Clicks On Blocked Ads,http://rss.slashdot.org/~r/Slashdot/slashdot/~3/hWWR_GHSHQQ/story01.htm,"New submitter stephenpeters writes The AdNauseam browser extension claims to click on each ad you have blocked with AdBlock in an attempt to obfuscate your browsing data. Officially launched mid November at the Digital Labour conference in New York, the authors hope this extension will register with advertisers as a protest against their pervasive monitoring of users online activities. It will be interesting to see how automated ad click browser extensions will affect the online ad arms race. Especially as French publishers are currently planning to sue Eyeo GmbH, the publishers of Adblock. This might obfuscate the meaning of the clicks, but what if it just encourages the ad sellers to claim even higher click-through rates as a selling point?<p><div class=""share_submission"" style=""position:relative;""> <a class=""slashpop"" href=""http://twitter.com/home?status=AdNauseam+Browser+Extension+Quietly+Clicks+On+Blocked+Ads%3A+http%3A%2F%2Fbit.ly%2F1G9LaLj""><img src=""http://a.fsdn.com/sd/twitter_icon_large.png""></a> <a class=""slashpop"" href=""http://www.facebook.com/sharer.php?u=http%3A%2F%2Fyro.slashdot.org%2Fstory%2F14%2F12%2F09%2F1347212%2Fadnauseam-browser-extension-quietly-clicks-on-blocked-ads%3Futm_source%3Dslashdot%26utm_medium%3Dfacebook""><img src=""http://a.fsdn.com/sd/facebook_icon_large.png""></a> <a class=""nobg"" href=""http://plus.google.com/share?url=http://yro.slashdot.org/story/14/12/09/1347212/adnauseam-browser-extension-quietly-clicks-on-blocked-ads?utm_source=slashdot&amp;utm_medium=googleplus"" onclick=""javascript:window.open(this.href,'', 'menubar=no,toolbar=no,resizable=yes,scrollbars=yes,height=600,width=600');return false;""><img src=""http://www.gstatic.com/images/icons/gplus-16.png"" alt=""Share on Google+""/></a> </div></p><p><a href=""http://yro.slashdot.org/story/14/12/09/1347212/adnauseam-browser-extension-quietly-clicks-on-blocked-ads?utm_source=rss1.0moreanon&amp;utm_medium=feed"">Read more of this story</a> at Slashdot.</p><iframe src=""http://slashdot.org/slashdot-it.pl?op=discuss&amp;id=6339101&amp;smallembed=1"" style=""height: 300px; width: 100%; border: none;""></iframe><img width='1' height='1' src='http://slashdot.feedsportal.com/c/35028/f/647410/s/4143cf94/sc/4/mf.gif' border='0'/><br clear='all'/><br/><br/><a href=""http://da.feedsportal.com/r/214612608789/u/49/f/647410/c/35028/s/4143cf94/sc/4/rc/1/rc.htm"" rel=""nofollow""><img src=""http://da.feedsportal.com/r/214612608789/u/49/f/647410/c/35028/s/4143cf94/sc/4/rc/1/rc.img"" border=""0""/></a><br/><a href=""http://da.feedsportal.com/r/214612608789/u/49/f/647410/c/35028/s/4143cf94/sc/4/rc/2/rc.htm"" rel=""nofollow""><img src=""http://da.feedsportal.com/r/214612608789/u/49/f/647410/c/35028/s/4143cf94/sc/4/rc/2/rc.img"" border=""0""/></a><br/><a href=""http://da.feedsportal.com/r/214612608789/u/49/f/647410/c/35028/s/4143cf94/sc/4/rc/3/rc.htm"" rel=""nofollow""><img src=""http://da.feedsportal.com/r/214612608789/u/49/f/647410/c/35028/s/4143cf94/sc/4/rc/3/rc.img"" border=""0""/></a><br/><br/><a href=""http://da.feedsportal.com/r/214612608789/u/49/f/647410/c/35028/s/4143cf94/sc/4/a2.htm""><img src=""http://da.feedsportal.com/r/214612608789/u/49/f/647410/c/35028/s/4143cf94/sc/4/a2.img"" border=""0""/></a><img width=""1"" height=""1"" src=""http://pi.feedsportal.com/r/214612608789/u/49/f/647410/c/35028/s/4143cf94/sc/4/a2t.img"" border=""0""/><img src=""//feeds.feedburner.com/~r/Slashdot/slashdot/~4/hWWR_GHSHQQ"" height=""1"" width=""1"" alt=""""/>"
Anti-oil activists lock themselves to government building (co.nz),http://news.feedzilla.com/en_us/stories/science/409529339?client_source=api&format=json,"Activists locked themselves to a government building to protest the way oil
and gas permits were being distributed across New Zealand.Members of the
public reported dozens of police cars and a cordon around the Ministry of
Business...

"
"As Hagupit Weakens, Activists Hype Climate Connection (Discover Magazine)",http://news.feedzilla.com/en_us/stories/science/409522866?client_source=api&format=json,"Please don't misread my headline. I'm not suggesting that I doubt the
seriousness of the challenges posed by climate change — particularly for
developing nations — and the pressing need to act. In fact, I'm so concerned
that I think it's important to call out hype when I see it — because it could
have the unintended effect of undercutting support for action on climate
change. The hype I'm concerned about is coming from Greenpeace, which is
strongly linking Super Typhoon Hagupit to clim

"
Ask Slashdot: Are Any Certifications Worth Going For?,http://rss.slashdot.org/~r/Slashdot/slashdot/~3/ZddvbI2rmys/story01.htm,"An anonymous reader writes: I am an IT professional in my 30s and have had some form if IT employment for the last 15 years. I've worked my way from technical support to IS manager, but my career seems to have stalled. I have a fancy 4-year degree in Information Systems (I was never much of a programmer) from an actual college, and a good deal of real-world experience combined with reading the odd technical book here and there to keep abreast of what's going on in the world of tech, but what I don't have is any certifications. None. When I was a poor student fresh from college, I decided that certifications were a waste of money, since the jobs I was applying for at the time didn't care about them, and the tests were several hundred dollars each. Now, it seems most jobs I see listed want some certifications, and I suspect HR systems are weeding out resumes that don't have the correct alchemical formula of certifications. So my question is: are any certifications now worth it? If so, where do I start? I will probably stick to the track I'm on (I'm better at managing than developing). Going to classes might be an option, but I'd prefer to be able to self-study if possible to work around being on-call constantly (and, to be blunt, classes are expensive). I don't want to stump up for a class only to find out I don't actually like the class or the material or the certification isn't actually what I thought it was.<p><div class=""share_submission"" style=""position:relative;""> <a class=""slashpop"" href=""http://twitter.com/home?status=Ask+Slashdot%3A+Are+Any+Certifications+Worth+Going+For%3F%3A+http%3A%2F%2Fbit.ly%2F1w901Bv""><img src=""http://a.fsdn.com/sd/twitter_icon_large.png""></a> <a class=""slashpop"" href=""http://www.facebook.com/sharer.php?u=http%3A%2F%2Fask.slashdot.org%2Fstory%2F14%2F12%2F09%2F0025212%2Fask-slashdot-are-any-certifications-worth-going-for%3Futm_source%3Dslashdot%26utm_medium%3Dfacebook""><img src=""http://a.fsdn.com/sd/facebook_icon_large.png""></a> <a class=""nobg"" href=""http://plus.google.com/share?url=http://ask.slashdot.org/story/14/12/09/0025212/ask-slashdot-are-any-certifications-worth-going-for?utm_source=slashdot&amp;utm_medium=googleplus"" onclick=""javascript:window.open(this.href,'', 'menubar=no,toolbar=no,resizable=yes,scrollbars=yes,height=600,width=600');return false;""><img src=""http://www.gstatic.com/images/icons/gplus-16.png"" alt=""Share on Google+""/></a> </div></p><p><a href=""http://ask.slashdot.org/story/14/12/09/0025212/ask-slashdot-are-any-certifications-worth-going-for?utm_source=rss1.0moreanon&amp;utm_medium=feed"">Read more of this story</a> at Slashdot.</p><iframe src=""http://slashdot.org/slashdot-it.pl?op=discuss&amp;id=6331917&amp;smallembed=1"" style=""height: 300px; width: 100%; border: none;""></iframe><img width='1' height='1' src='http://slashdot.feedsportal.com/c/35028/f/647410/s/413ea933/sc/36/mf.gif' border='0'/><br clear='all'/><br/><br/><a href=""http://da.feedsportal.com/r/214612525683/u/49/f/647410/c/35028/s/413ea933/sc/36/rc/1/rc.htm"" rel=""nofollow""><img src=""http://da.feedsportal.com/r/214612525683/u/49/f/647410/c/35028/s/413ea933/sc/36/rc/1/rc.img"" border=""0""/></a><br/><a href=""http://da.feedsportal.com/r/214612525683/u/49/f/647410/c/35028/s/413ea933/sc/36/rc/2/rc.htm"" rel=""nofollow""><img src=""http://da.feedsportal.com/r/214612525683/u/49/f/647410/c/35028/s/413ea933/sc/36/rc/2/rc.img"" border=""0""/></a><br/><a href=""http://da.feedsportal.com/r/214612525683/u/49/f/647410/c/35028/s/413ea933/sc/36/rc/3/rc.htm"" rel=""nofollow""><img src=""http://da.feedsportal.com/r/214612525683/u/49/f/647410/c/35028/s/413ea933/sc/36/rc/3/rc.img"" border=""0""/></a><br/><br/><a href=""http://da.feedsportal.com/r/214612525683/u/49/f/647410/c/35028/s/413ea933/sc/36/a2.htm""><img src=""http://da.feedsportal.com/r/214612525683/u/49/f/647410/c/35028/s/413ea933/sc/36/a2.img"" border=""0""/></a><img width=""1"" height=""1"" src=""http://pi.feedsportal.com/r/214612525683/u/49/f/647410/c/35028/s/413ea933/sc/36/a2t.img"" border=""0""/><img src=""//feeds.feedburner.com/~r/Slashdot/slashdot/~4/ZddvbI2rmys"" height=""1"" width=""1"" alt=""""/>"
Asteroid Impacts May Have Formed Life's Building Blocks,http://rss.slashdot.org/~r/Slashdot/slashdot/~3/5rEEMBRkRcQ/story01.htm,"sciencehabit writes: A high-powered laser in the Czech Republic has now provided provocative evidence that the hellish conditions produced when an asteroid or comet slams into Earth could have created some key building blocks of life on Earth. In a lab experiment intended to duplicate the high temperatures and pressures of such an impact (abstract), researchers used the laser to simultaneously make adenine, guanine, cytosine, and uracil, the four organic compounds in RNA, which many believe to have been the first molecule to encode genetic information.<p><div class=""share_submission"" style=""position:relative;""> <a class=""slashpop"" href=""http://twitter.com/home?status=Asteroid+Impacts+May+Have+Formed+Life's+Building+Blocks%3A+http%3A%2F%2Fbit.ly%2F1udEofi""><img src=""http://a.fsdn.com/sd/twitter_icon_large.png""></a> <a class=""slashpop"" href=""http://www.facebook.com/sharer.php?u=http%3A%2F%2Fscience.slashdot.org%2Fstory%2F14%2F12%2F08%2F2311202%2Fasteroid-impacts-may-have-formed-lifes-building-blocks%3Futm_source%3Dslashdot%26utm_medium%3Dfacebook""><img src=""http://a.fsdn.com/sd/facebook_icon_large.png""></a> <a class=""nobg"" href=""http://plus.google.com/share?url=http://science.slashdot.org/story/14/12/08/2311202/asteroid-impacts-may-have-formed-lifes-building-blocks?utm_source=slashdot&amp;utm_medium=googleplus"" onclick=""javascript:window.open(this.href,'', 'menubar=no,toolbar=no,resizable=yes,scrollbars=yes,height=600,width=600');return false;""><img src=""http://www.gstatic.com/images/icons/gplus-16.png"" alt=""Share on Google+""/></a> </div></p><p><a href=""http://science.slashdot.org/story/14/12/08/2311202/asteroid-impacts-may-have-formed-lifes-building-blocks?utm_source=rss1.0moreanon&amp;utm_medium=feed"">Read more of this story</a> at Slashdot.</p><iframe src=""http://slashdot.org/slashdot-it.pl?op=discuss&amp;id=6331741&amp;smallembed=1"" style=""height: 300px; width: 100%; border: none;""></iframe><img width='1' height='1' src='http://slashdot.feedsportal.com/c/35028/f/647410/s/413e7f12/sc/18/mf.gif' border='0'/><br clear='all'/><br/><br/><a href=""http://da.feedsportal.com/r/214612583071/u/49/f/647410/c/35028/s/413e7f12/sc/18/rc/1/rc.htm"" rel=""nofollow""><img src=""http://da.feedsportal.com/r/214612583071/u/49/f/647410/c/35028/s/413e7f12/sc/18/rc/1/rc.img"" border=""0""/></a><br/><a href=""http://da.feedsportal.com/r/214612583071/u/49/f/647410/c/35028/s/413e7f12/sc/18/rc/2/rc.htm"" rel=""nofollow""><img src=""http://da.feedsportal.com/r/214612583071/u/49/f/647410/c/35028/s/413e7f12/sc/18/rc/2/rc.img"" border=""0""/></a><br/><a href=""http://da.feedsportal.com/r/214612583071/u/49/f/647410/c/35028/s/413e7f12/sc/18/rc/3/rc.htm"" rel=""nofollow""><img src=""http://da.feedsportal.com/r/214612583071/u/49/f/647410/c/35028/s/413e7f12/sc/18/rc/3/rc.img"" border=""0""/></a><br/><br/><a href=""http://da.feedsportal.com/r/214612583071/u/49/f/647410/c/35028/s/413e7f12/sc/18/a2.htm""><img src=""http://da.feedsportal.com/r/214612583071/u/49/f/647410/c/35028/s/413e7f12/sc/18/a2.img"" border=""0""/></a><img width=""1"" height=""1"" src=""http://pi.feedsportal.com/r/214612583071/u/49/f/647410/c/35028/s/413e7f12/sc/18/a2t.img"" border=""0""/><img src=""//feeds.feedburner.com/~r/Slashdot/slashdot/~4/5rEEMBRkRcQ"" height=""1"" width=""1"" alt=""""/>"
Berkeley Lab Builds World Record Tabletop-Size Particle Accelerator,http://rss.slashdot.org/~r/Slashdot/slashdot/~3/41CD72zcSpc/story01.htm,"Zothecula writes Taking careful aim with a quadrillion watt laser, researchers at the US Department of Energy's Lawrence Berkeley National Lab claim to have managed to speed up subatomic particles to the highest energies ever recorded for a compact accelerator. By blasting plasma in their tabletop-size laser-plasma accelerator, the scientists assert that they have produced acceleration energy of around of 4.25 giga-electron volts. Acceleration of this magnitude over the short distances involved correlates to an energy rise 1,000 times greater than that of a traditional &ndash; and very much larger &ndash; particle accelerator.<p><div class=""share_submission"" style=""position:relative;""> <a class=""slashpop"" href=""http://twitter.com/home?status=Berkeley+Lab+Builds+World+Record+Tabletop-Size+Particle+Accelerator%3A+http%3A%2F%2Fbit.ly%2F1qpACUI""><img src=""http://a.fsdn.com/sd/twitter_icon_large.png""></a> <a class=""slashpop"" href=""http://www.facebook.com/sharer.php?u=http%3A%2F%2Fscience.slashdot.org%2Fstory%2F14%2F12%2F09%2F1425257%2Fberkeley-lab-builds-world-record-tabletop-size-particle-accelerator%3Futm_source%3Dslashdot%26utm_medium%3Dfacebook""><img src=""http://a.fsdn.com/sd/facebook_icon_large.png""></a> <a class=""nobg"" href=""http://plus.google.com/share?url=http://science.slashdot.org/story/14/12/09/1425257/berkeley-lab-builds-world-record-tabletop-size-particle-accelerator?utm_source=slashdot&amp;utm_medium=googleplus"" onclick=""javascript:window.open(this.href,'', 'menubar=no,toolbar=no,resizable=yes,scrollbars=yes,height=600,width=600');return false;""><img src=""http://www.gstatic.com/images/icons/gplus-16.png"" alt=""Share on Google+""/></a> </div></p><p><a href=""http://science.slashdot.org/story/14/12/09/1425257/berkeley-lab-builds-world-record-tabletop-size-particle-accelerator?utm_source=rss1.0moreanon&amp;utm_medium=feed"">Read more of this story</a> at Slashdot.</p><iframe src=""http://slashdot.org/slashdot-it.pl?op=discuss&amp;id=6339299&amp;smallembed=1"" style=""height: 300px; width: 100%; border: none;""></iframe><img width='1' height='1' src='http://slashdot.feedsportal.com/c/35028/f/647410/s/4143ef58/sc/31/mf.gif' border='0'/><br clear='all'/><br/><br/><a href=""http://da.feedsportal.com/r/214612566082/u/49/f/647410/c/35028/s/4143ef58/sc/31/rc/1/rc.htm"" rel=""nofollow""><img src=""http://da.feedsportal.com/r/214612566082/u/49/f/647410/c/35028/s/4143ef58/sc/31/rc/1/rc.img"" border=""0""/></a><br/><a href=""http://da.feedsportal.com/r/214612566082/u/49/f/647410/c/35028/s/4143ef58/sc/31/rc/2/rc.htm"" rel=""nofollow""><img src=""http://da.feedsportal.com/r/214612566082/u/49/f/647410/c/35028/s/4143ef58/sc/31/rc/2/rc.img"" border=""0""/></a><br/><a href=""http://da.feedsportal.com/r/214612566082/u/49/f/647410/c/35028/s/4143ef58/sc/31/rc/3/rc.htm"" rel=""nofollow""><img src=""http://da.feedsportal.com/r/214612566082/u/49/f/647410/c/35028/s/4143ef58/sc/31/rc/3/rc.img"" border=""0""/></a><br/><br/><a href=""http://da.feedsportal.com/r/214612566082/u/49/f/647410/c/35028/s/4143ef58/sc/31/a2.htm""><img src=""http://da.feedsportal.com/r/214612566082/u/49/f/647410/c/35028/s/4143ef58/sc/31/a2.img"" border=""0""/></a><img width=""1"" height=""1"" src=""http://pi.feedsportal.com/r/214612566082/u/49/f/647410/c/35028/s/4143ef58/sc/31/a2t.img"" border=""0""/><img src=""//feeds.feedburner.com/~r/Slashdot/slashdot/~4/41CD72zcSpc"" height=""1"" width=""1"" alt=""""/>"
Biological Psychiatric Problems Garner Less Empathy (bioethicscom),http://news.feedzilla.com/en_us/stories/science/409517489?client_source=api&format=json,"(Yahoo! News) - Given more information about the biology of a mental disorder,
doctors and therapists react with less empathy for the patient, a new study
finds. The study didn't involve real patients - only short descriptions of
fictional cases. … Read More

"
"Bluetooth Gains Direct Internet Access, Security Enhancements",http://rss.slashdot.org/~r/Slashdot/slashdot/~3/yaj5Rbii9Xw/story01.htm,"jfruh writes: The Bluetooth spec never quite became the worldbeater it was billed as, but it's aiming to become indispensible to the Internet of Things. Updates to the spec make it possible for low-powered Bluetooth devices to gain direct access to the Internet, and, perhaps more importantly, make those devices a lot harder to hack.<p><div class=""share_submission"" style=""position:relative;""> <a class=""slashpop"" href=""http://twitter.com/home?status=Bluetooth+Gains+Direct+Internet+Access%2C+Security+Enhancements%3A+http%3A%2F%2Fbit.ly%2F1wtTwwv""><img src=""http://a.fsdn.com/sd/twitter_icon_large.png""></a> <a class=""slashpop"" href=""http://www.facebook.com/sharer.php?u=http%3A%2F%2Fmobile.slashdot.org%2Fstory%2F14%2F12%2F09%2F044253%2Fbluetooth-gains-direct-internet-access-security-enhancements%3Futm_source%3Dslashdot%26utm_medium%3Dfacebook""><img src=""http://a.fsdn.com/sd/facebook_icon_large.png""></a> <a class=""nobg"" href=""http://plus.google.com/share?url=http://mobile.slashdot.org/story/14/12/09/044253/bluetooth-gains-direct-internet-access-security-enhancements?utm_source=slashdot&amp;utm_medium=googleplus"" onclick=""javascript:window.open(this.href,'', 'menubar=no,toolbar=no,resizable=yes,scrollbars=yes,height=600,width=600');return false;""><img src=""http://www.gstatic.com/images/icons/gplus-16.png"" alt=""Share on Google+""/></a> </div></p><p><a href=""http://mobile.slashdot.org/story/14/12/09/044253/bluetooth-gains-direct-internet-access-security-enhancements?utm_source=rss1.0moreanon&amp;utm_medium=feed"">Read more of this story</a> at Slashdot.</p><iframe src=""http://slashdot.org/slashdot-it.pl?op=discuss&amp;id=6333321&amp;smallembed=1"" style=""height: 300px; width: 100%; border: none;""></iframe><img width='1' height='1' src='http://slashdot.feedsportal.com/c/35028/f/647410/s/413f7d3b/sc/28/mf.gif' border='0'/><br clear='all'/><br/><br/><a href=""http://da.feedsportal.com/r/214612547831/u/49/f/647410/c/35028/s/413f7d3b/sc/28/rc/1/rc.htm"" rel=""nofollow""><img src=""http://da.feedsportal.com/r/214612547831/u/49/f/647410/c/35028/s/413f7d3b/sc/28/rc/1/rc.img"" border=""0""/></a><br/><a href=""http://da.feedsportal.com/r/214612547831/u/49/f/647410/c/35028/s/413f7d3b/sc/28/rc/2/rc.htm"" rel=""nofollow""><img src=""http://da.feedsportal.com/r/214612547831/u/49/f/647410/c/35028/s/413f7d3b/sc/28/rc/2/rc.img"" border=""0""/></a><br/><a href=""http://da.feedsportal.com/r/214612547831/u/49/f/647410/c/35028/s/413f7d3b/sc/28/rc/3/rc.htm"" rel=""nofollow""><img src=""http://da.feedsportal.com/r/214612547831/u/49/f/647410/c/35028/s/413f7d3b/sc/28/rc/3/rc.img"" border=""0""/></a><br/><br/><a href=""http://da.feedsportal.com/r/214612547831/u/49/f/647410/c/35028/s/413f7d3b/sc/28/a2.htm""><img src=""http://da.feedsportal.com/r/214612547831/u/49/f/647410/c/35028/s/413f7d3b/sc/28/a2.img"" border=""0""/></a><img width=""1"" height=""1"" src=""http://pi.feedsportal.com/r/214612547831/u/49/f/647410/c/35028/s/413f7d3b/sc/28/a2t.img"" border=""0""/><img src=""//feeds.feedburner.com/~r/Slashdot/slashdot/~4/yaj5Rbii9Xw"" height=""1"" width=""1"" alt=""""/>"
"Brain scans link frontal abnormalities to suicidal behaviors in adolescents, young adults (Eurekalert)",http://news.feedzilla.com/en_us/stories/science/409527958?client_source=api&format=json,"Scientists are closer to understanding how suicidal thoughts and behaviors are
generated, according to a study presented at the American College of
Neuropsychopharmacology annual meeting. Reduced integrity of white matter in
key frontal brain systems that control emotion, motivation and memory was
observed in a of study participants who attempted suicide, and the findings
showed links between the deficits in the brain's structural connections and
the number and medical severity of prior attempts.

"
Building A Better Gas Mask (pubs.acs),http://news.feedzilla.com/en_us/stories/science/409483287?client_source=api&format=json,"Driven by materials chemistry, today’s masks provide ever-broader respiratory
protection

"
"China Plans Superheavy Rocket, Ups Reliability",http://rss.slashdot.org/~r/Slashdot/slashdot/~3/bSHz_ey229k/story01.htm,"hackingbear writes: China is conducting preliminary research on a super-heavy launch vehicle that will be used in its manned missions to the moon. Liang Xiaohong, deputy head of the China Academy of Launch Vehicle Technology, disclosed that the Long March-9 is planned to have a maximum payload of 130 tons and its first launch will take place around 2028, comparable to U.S.'s SLS Block II in terms of capability and likely beating its schedule. The China National Space Administration has started preliminary research for the Mars exploration program and is persuading the government to include the project into the country's space agenda, according to Tian Yulong, secretary-general of the administration. Separately, China's Long March series of rockets completed its 200th flight on Dec 7. It took 37 years for the Long March series to complete their first 100 flights, but only 7 years for the second 100 flights. In addition, the programclaims (link in Chinese) a success rate of 98%, on par with E.U.'s and beating U.S.'s 97% and Russia's 93% success rates.<p><div class=""share_submission"" style=""position:relative;""> <a class=""slashpop"" href=""http://twitter.com/home?status=China+Plans+Superheavy+Rocket%2C+Ups+Reliability%3A+http%3A%2F%2Fbit.ly%2F1ud9ep8""><img src=""http://a.fsdn.com/sd/twitter_icon_large.png""></a> <a class=""slashpop"" href=""http://www.facebook.com/sharer.php?u=http%3A%2F%2Fscience.slashdot.org%2Fstory%2F14%2F12%2F09%2F0038222%2Fchina-plans-superheavy-rocket-ups-reliability%3Futm_source%3Dslashdot%26utm_medium%3Dfacebook""><img src=""http://a.fsdn.com/sd/facebook_icon_large.png""></a> <a class=""nobg"" href=""http://plus.google.com/share?url=http://science.slashdot.org/story/14/12/09/0038222/china-plans-superheavy-rocket-ups-reliability?utm_source=slashdot&amp;utm_medium=googleplus"" onclick=""javascript:window.open(this.href,'', 'menubar=no,toolbar=no,resizable=yes,scrollbars=yes,height=600,width=600');return false;""><img src=""http://www.gstatic.com/images/icons/gplus-16.png"" alt=""Share on Google+""/></a> </div></p><p><a href=""http://science.slashdot.org/story/14/12/09/0038222/china-plans-superheavy-rocket-ups-reliability?utm_source=rss1.0moreanon&amp;utm_medium=feed"">Read more of this story</a> at Slashdot.</p><iframe src=""http://slashdot.org/slashdot-it.pl?op=discuss&amp;id=6331941&amp;smallembed=1"" style=""height: 300px; width: 100%; border: none;""></iframe><img width='1' height='1' src='http://slashdot.feedsportal.com/c/35028/f/647410/s/413f631b/sc/24/mf.gif' border='0'/><br clear='all'/><br/><br/><a href=""http://da.feedsportal.com/r/214612550126/u/49/f/647410/c/35028/s/413f631b/sc/24/rc/1/rc.htm"" rel=""nofollow""><img src=""http://da.feedsportal.com/r/214612550126/u/49/f/647410/c/35028/s/413f631b/sc/24/rc/1/rc.img"" border=""0""/></a><br/><a href=""http://da.feedsportal.com/r/214612550126/u/49/f/647410/c/35028/s/413f631b/sc/24/rc/2/rc.htm"" rel=""nofollow""><img src=""http://da.feedsportal.com/r/214612550126/u/49/f/647410/c/35028/s/413f631b/sc/24/rc/2/rc.img"" border=""0""/></a><br/><a href=""http://da.feedsportal.com/r/214612550126/u/49/f/647410/c/35028/s/413f631b/sc/24/rc/3/rc.htm"" rel=""nofollow""><img src=""http://da.feedsportal.com/r/214612550126/u/49/f/647410/c/35028/s/413f631b/sc/24/rc/3/rc.img"" border=""0""/></a><br/><br/><a href=""http://da.feedsportal.com/r/214612550126/u/49/f/647410/c/35028/s/413f631b/sc/24/a2.htm""><img src=""http://da.feedsportal.com/r/214612550126/u/49/f/647410/c/35028/s/413f631b/sc/24/a2.img"" border=""0""/></a><img width=""1"" height=""1"" src=""http://pi.feedsportal.com/r/214612550126/u/49/f/647410/c/35028/s/413f631b/sc/24/a2t.img"" border=""0""/><img src=""//feeds.feedburner.com/~r/Slashdot/slashdot/~4/bSHz_ey229k"" height=""1"" width=""1"" alt=""""/>"
Civil Rights Groups Divided On Net Neutrality,http://rss.slashdot.org/~r/Slashdot/slashdot/~3/xcA2r3Iop4U/story01.htm,"HughPickens.com writes: Edward Wyatt reports at the NY Times that the NAACP, the National Urban League and the Rainbow/PUSH Coalition have sent representatives, including the Rev. Jesse L. Jackson, to tell FCC Chairman Tom Wheeler that they think President Obama's call to regulate broadband Internet service as a utility would harm minority communities by stifling investment in underserved areas and entrenching already dominant Internet companies. ""We got a lot of poor folks who don't have broadband,"" said Jackson. ""If you create something where, for the poor, the lane is slower and the cost is more, you can't survive."" ""I think we're all on board with the values embedded in what President Obama said, things like accelerating broadband deployment and adoption,"" says Nicol Turner-Lee, vice president of the Minority Media and Telecommunications Council and a member of the group including Mr. Jackson that met with the F.C.C. chairman. ""The question is, will we be able to solve these issues by going so far with stringent regulation?"" Some of the groups that oppose Title II designation, like the Urban League and the League of United Latin American Citizens, have received contributions from organizations affiliated with Internet service providers, like the Comcast Foundation, the charitable organization endowed by Comcast. But those organizations say that the donations or sponsorships do not influence their positions. ""We get support from people on all sides of the issue, including Google and Facebook,"" says Brent A. Wilkes, national executive director of the League of United Latin American Citizens. ""We don't let any of them influence our position."" For it's part, the NAACP says its formal policy position is that the NAACP neither endorses, nor opposes the formally defined concept of net neutrality but supports the need to particularly focus on underserved racial and ethnic minority and poor communities, while highlighting the importance of protecting an open internet.<p><div class=""share_submission"" style=""position:relative;""> <a class=""slashpop"" href=""http://twitter.com/home?status=Civil+Rights+Groups+Divided+On+Net+Neutrality%3A+http%3A%2F%2Fbit.ly%2F1udFusb""><img src=""http://a.fsdn.com/sd/twitter_icon_large.png""></a> <a class=""slashpop"" href=""http://www.facebook.com/sharer.php?u=http%3A%2F%2Fpolitics.slashdot.org%2Fstory%2F14%2F12%2F09%2F0042241%2Fcivil-rights-groups-divided-on-net-neutrality%3Futm_source%3Dslashdot%26utm_medium%3Dfacebook""><img src=""http://a.fsdn.com/sd/facebook_icon_large.png""></a> <a class=""nobg"" href=""http://plus.google.com/share?url=http://politics.slashdot.org/story/14/12/09/0042241/civil-rights-groups-divided-on-net-neutrality?utm_source=slashdot&amp;utm_medium=googleplus"" onclick=""javascript:window.open(this.href,'', 'menubar=no,toolbar=no,resizable=yes,scrollbars=yes,height=600,width=600');return false;""><img src=""http://www.gstatic.com/images/icons/gplus-16.png"" alt=""Share on Google+""/></a> </div></p><p><a href=""http://politics.slashdot.org/story/14/12/09/0042241/civil-rights-groups-divided-on-net-neutrality?utm_source=rss1.0moreanon&amp;utm_medium=feed"">Read more of this story</a> at Slashdot.</p><iframe src=""http://slashdot.org/slashdot-it.pl?op=discuss&amp;id=6331947&amp;smallembed=1"" style=""height: 300px; width: 100%; border: none;""></iframe><img width='1' height='1' src='http://slashdot.feedsportal.com/c/35028/f/647410/s/41400eb3/sc/1/mf.gif' border='0'/><br clear='all'/><br/><br/><a href=""http://da.feedsportal.com/r/214612549105/u/49/f/647410/c/35028/s/41400eb3/sc/1/rc/1/rc.htm"" rel=""nofollow""><img src=""http://da.feedsportal.com/r/214612549105/u/49/f/647410/c/35028/s/41400eb3/sc/1/rc/1/rc.img"" border=""0""/></a><br/><a href=""http://da.feedsportal.com/r/214612549105/u/49/f/647410/c/35028/s/41400eb3/sc/1/rc/2/rc.htm"" rel=""nofollow""><img src=""http://da.feedsportal.com/r/214612549105/u/49/f/647410/c/35028/s/41400eb3/sc/1/rc/2/rc.img"" border=""0""/></a><br/><a href=""http://da.feedsportal.com/r/214612549105/u/49/f/647410/c/35028/s/41400eb3/sc/1/rc/3/rc.htm"" rel=""nofollow""><img src=""http://da.feedsportal.com/r/214612549105/u/49/f/647410/c/35028/s/41400eb3/sc/1/rc/3/rc.img"" border=""0""/></a><br/><br/><a href=""http://da.feedsportal.com/r/214612549105/u/49/f/647410/c/35028/s/41400eb3/sc/1/a2.htm""><img src=""http://da.feedsportal.com/r/214612549105/u/49/f/647410/c/35028/s/41400eb3/sc/1/a2.img"" border=""0""/></a><img width=""1"" height=""1"" src=""http://pi.feedsportal.com/r/214612549105/u/49/f/647410/c/35028/s/41400eb3/sc/1/a2t.img"" border=""0""/><img src=""//feeds.feedburner.com/~r/Slashdot/slashdot/~4/xcA2r3Iop4U"" height=""1"" width=""1"" alt=""""/>"
Court Orders Uber To Shut Down In Spain,http://rss.slashdot.org/~r/Slashdot/slashdot/~3/zNOZWlslmuM/story01.htm,"An anonymous reader writes with word that a Spanish judge, after complaints from taxi associations that the competition Uber brings to the transportation market is unfair to existing firms' drivers, has ordered the company cease operations in the country. From the BBC article: In his ruling on the temporary ban, the judge said Uber drivers didn't have official authorisation to drive their cars and was ""unfair competition."" The move follows a complaint by the Madrid Taxi Association. The Spanish ban comes just a day after Uber was blacklisted in the Indian capital Delhi. Drivers ""lack the administrative authorisation to carry out the job, and the activity they carry out constitutes unfair competition,"" the Spanish court services said in a statement after the ruling. In Thailand, too. And stateside, the government of Portland, Oregon thinks Uber's a big enough threat to justify a sting operation. Business Insider's keeping score.<p><div class=""share_submission"" style=""position:relative;""> <a class=""slashpop"" href=""http://twitter.com/home?status=Court+Orders+Uber+To+Shut+Down+In+Spain+%3A+http%3A%2F%2Fbit.ly%2F1Abezks""><img src=""http://a.fsdn.com/sd/twitter_icon_large.png""></a> <a class=""slashpop"" href=""http://www.facebook.com/sharer.php?u=http%3A%2F%2Ftech.slashdot.org%2Fstory%2F14%2F12%2F09%2F1629221%2Fcourt-orders-uber-to-shut-down-in-spain%3Futm_source%3Dslashdot%26utm_medium%3Dfacebook""><img src=""http://a.fsdn.com/sd/facebook_icon_large.png""></a> <a class=""nobg"" href=""http://plus.google.com/share?url=http://tech.slashdot.org/story/14/12/09/1629221/court-orders-uber-to-shut-down-in-spain?utm_source=slashdot&amp;utm_medium=googleplus"" onclick=""javascript:window.open(this.href,'', 'menubar=no,toolbar=no,resizable=yes,scrollbars=yes,height=600,width=600');return false;""><img src=""http://www.gstatic.com/images/icons/gplus-16.png"" alt=""Share on Google+""/></a> </div></p><p><a href=""http://tech.slashdot.org/story/14/12/09/1629221/court-orders-uber-to-shut-down-in-spain?utm_source=rss1.0moreanon&amp;utm_medium=feed"">Read more of this story</a> at Slashdot.</p><iframe src=""http://slashdot.org/slashdot-it.pl?op=discuss&amp;id=6339895&amp;smallembed=1"" style=""height: 300px; width: 100%; border: none;""></iframe><img width='1' height='1' src='http://slashdot.feedsportal.com/c/35028/f/647410/s/41450f9b/sc/8/mf.gif' border='0'/><br clear='all'/><br/><br/><a href=""http://da.feedsportal.com/r/214612577413/u/49/f/647410/c/35028/s/41450f9b/sc/8/rc/1/rc.htm"" rel=""nofollow""><img src=""http://da.feedsportal.com/r/214612577413/u/49/f/647410/c/35028/s/41450f9b/sc/8/rc/1/rc.img"" border=""0""/></a><br/><a href=""http://da.feedsportal.com/r/214612577413/u/49/f/647410/c/35028/s/41450f9b/sc/8/rc/2/rc.htm"" rel=""nofollow""><img src=""http://da.feedsportal.com/r/214612577413/u/49/f/647410/c/35028/s/41450f9b/sc/8/rc/2/rc.img"" border=""0""/></a><br/><a href=""http://da.feedsportal.com/r/214612577413/u/49/f/647410/c/35028/s/41450f9b/sc/8/rc/3/rc.htm"" rel=""nofollow""><img src=""http://da.feedsportal.com/r/214612577413/u/49/f/647410/c/35028/s/41450f9b/sc/8/rc/3/rc.img"" border=""0""/></a><br/><br/><a href=""http://da.feedsportal.com/r/214612577413/u/49/f/647410/c/35028/s/41450f9b/sc/8/a2.htm""><img src=""http://da.feedsportal.com/r/214612577413/u/49/f/647410/c/35028/s/41450f9b/sc/8/a2.img"" border=""0""/></a><img width=""1"" height=""1"" src=""http://pi.feedsportal.com/r/214612577413/u/49/f/647410/c/35028/s/41450f9b/sc/8/a2t.img"" border=""0""/><img src=""//feeds.feedburner.com/~r/Slashdot/slashdot/~4/zNOZWlslmuM"" height=""1"" width=""1"" alt=""""/>"
"Don’t Miss the Geminids this Weekend, Best Meteor Shower of the Year (Universe Today)",http://news.feedzilla.com/en_us/stories/science/409548822?client_source=api&format=json,"Wouldn't it be nice if a meteor shower peaked on a weekend instead of 3 a.m.
Monday morning? Maybe even showed good activity in the evening hours, so we
could get our fill and still get to bed at a decent hour. Wait a minute - this
year's Geminids will do exactly that!(...)Read the rest of Don't Miss […]

"
Eyetracking Technology Aims to Take Your Unconscious Pizza Order (Scientific American),http://news.feedzilla.com/en_us/stories/science/409548480?client_source=api&format=json,"Pizza Hut has started to test eyebracking technology for ordering in some of
its UK restaurants, but it may not get your order right


-- Read more on ScientificAmerican.com

"
FISA Court Extends Section 215 Bulk Surveillance For 90 Days,http://rss.slashdot.org/~r/Slashdot/slashdot/~3/nwGg0OUln_c/story01.htm,"Trailrunner7 notes that the bulk telephone collection program was just extended another 90 days. ""The secret Foreign Intelligence Surveillance Court has authorized a 90-day extension to the Section 215 bulk telephone collection program used by the National Security Agency, giving the agency through the end of February to run the program in the absence of legislation establishing a new authority. On Monday, the Office of the Director of National Intelligence revealed that the administration had applied for a 90-day extension to the existing Section 215 authority, and that the FISC had approved the request, extending the authority through Feb. 27. 'The Administration welcomes the opportunity to work with the new Congress to implement the changes the President has called for. Given that legislation has not yet been enacted, and given the importance of maintaining the capabilities of the telephony metadata program, the government has sought a 90-day reauthorization of the existing program, as modified by the changes the President directed in January,' a statement from the Office of the DNI and the Office of the Attorney General said.""<p><div class=""share_submission"" style=""position:relative;""> <a class=""slashpop"" href=""http://twitter.com/home?status=FISA+Court+Extends+Section+215+Bulk+Surveillance+For+90+Days%3A+http%3A%2F%2Fbit.ly%2F1Gamdxq""><img src=""http://a.fsdn.com/sd/twitter_icon_large.png""></a> <a class=""slashpop"" href=""http://www.facebook.com/sharer.php?u=http%3A%2F%2Fnews.slashdot.org%2Fstory%2F14%2F12%2F08%2F2016242%2Ffisa-court-extends-section-215-bulk-surveillance-for-90-days%3Futm_source%3Dslashdot%26utm_medium%3Dfacebook""><img src=""http://a.fsdn.com/sd/facebook_icon_large.png""></a> <a class=""nobg"" href=""http://plus.google.com/share?url=http://news.slashdot.org/story/14/12/08/2016242/fisa-court-extends-section-215-bulk-surveillance-for-90-days?utm_source=slashdot&amp;utm_medium=googleplus"" onclick=""javascript:window.open(this.href,'', 'menubar=no,toolbar=no,resizable=yes,scrollbars=yes,height=600,width=600');return false;""><img src=""http://www.gstatic.com/images/icons/gplus-16.png"" alt=""Share on Google+""/></a> </div></p><p><a href=""http://news.slashdot.org/story/14/12/08/2016242/fisa-court-extends-section-215-bulk-surveillance-for-90-days?utm_source=rss1.0moreanon&amp;utm_medium=feed"">Read more of this story</a> at Slashdot.</p><iframe src=""http://slashdot.org/slashdot-it.pl?op=discuss&amp;id=6330819&amp;smallembed=1"" style=""height: 300px; width: 100%; border: none;""></iframe><img width='1' height='1' src='http://slashdot.feedsportal.com/c/35028/f/647410/s/413d9f2b/sc/1/mf.gif' border='0'/><br clear='all'/><br/><br/><a href=""http://da.feedsportal.com/r/214612535327/u/49/f/647410/c/35028/s/413d9f2b/sc/1/rc/1/rc.htm"" rel=""nofollow""><img src=""http://da.feedsportal.com/r/214612535327/u/49/f/647410/c/35028/s/413d9f2b/sc/1/rc/1/rc.img"" border=""0""/></a><br/><a href=""http://da.feedsportal.com/r/214612535327/u/49/f/647410/c/35028/s/413d9f2b/sc/1/rc/2/rc.htm"" rel=""nofollow""><img src=""http://da.feedsportal.com/r/214612535327/u/49/f/647410/c/35028/s/413d9f2b/sc/1/rc/2/rc.img"" border=""0""/></a><br/><a href=""http://da.feedsportal.com/r/214612535327/u/49/f/647410/c/35028/s/413d9f2b/sc/1/rc/3/rc.htm"" rel=""nofollow""><img src=""http://da.feedsportal.com/r/214612535327/u/49/f/647410/c/35028/s/413d9f2b/sc/1/rc/3/rc.img"" border=""0""/></a><br/><br/><a href=""http://da.feedsportal.com/r/214612535327/u/49/f/647410/c/35028/s/413d9f2b/sc/1/a2.htm""><img src=""http://da.feedsportal.com/r/214612535327/u/49/f/647410/c/35028/s/413d9f2b/sc/1/a2.img"" border=""0""/></a><img width=""1"" height=""1"" src=""http://pi.feedsportal.com/r/214612535327/u/49/f/647410/c/35028/s/413d9f2b/sc/1/a2t.img"" border=""0""/><img src=""//feeds.feedburner.com/~r/Slashdot/slashdot/~4/nwGg0OUln_c"" height=""1"" width=""1"" alt=""""/>"
Giant Dunes on Saturn Moon Track Its Ancient Climate (Scientific American),http://news.feedzilla.com/en_us/stories/science/409518858?client_source=api&format=json,"Dune shapes on Titan reflect long-term weather patterns that result from winds
and the moon's orbital wobbles


-- Read more on ScientificAmerican.com

"
"Google Releases Android Studio 1.0, the First Stable Version of Its IDE",http://rss.slashdot.org/~r/Slashdot/slashdot/~3/6HBCRkQ1f34/story01.htm,"An anonymous reader writes After two years of development, Google today released Android Studio 1.0, the first stable version of its Integrated Development Environment (IDE) aimed solely at Android developers. You can download the tool right now for Windows, Mac, and Linux from the Android Developer site. Google first announced Android Studio, built on the popular IntelliJ IDEA Java IDE, at its I/O Developer conference in May 2013. The company's pitch was very simple: this is the official Android IDE.<p><div class=""share_submission"" style=""position:relative;""> <a class=""slashpop"" href=""http://twitter.com/home?status=Google+Releases+Android+Studio+1.0%2C+the+First+Stable+Version+of+Its+IDE%3A+http%3A%2F%2Fbit.ly%2F1G7VMuc""><img src=""http://a.fsdn.com/sd/twitter_icon_large.png""></a> <a class=""slashpop"" href=""http://www.facebook.com/sharer.php?u=http%3A%2F%2Ftech.slashdot.org%2Fstory%2F14%2F12%2F08%2F2129255%2Fgoogle-releases-android-studio-10-the-first-stable-version-of-its-ide%3Futm_source%3Dslashdot%26utm_medium%3Dfacebook""><img src=""http://a.fsdn.com/sd/facebook_icon_large.png""></a> <a class=""nobg"" href=""http://plus.google.com/share?url=http://tech.slashdot.org/story/14/12/08/2129255/google-releases-android-studio-10-the-first-stable-version-of-its-ide?utm_source=slashdot&amp;utm_medium=googleplus"" onclick=""javascript:window.open(this.href,'', 'menubar=no,toolbar=no,resizable=yes,scrollbars=yes,height=600,width=600');return false;""><img src=""http://www.gstatic.com/images/icons/gplus-16.png"" alt=""Share on Google+""/></a> </div></p><p><a href=""http://tech.slashdot.org/story/14/12/08/2129255/google-releases-android-studio-10-the-first-stable-version-of-its-ide?utm_source=rss1.0moreanon&amp;utm_medium=feed"">Read more of this story</a> at Slashdot.</p><iframe src=""http://slashdot.org/slashdot-it.pl?op=discuss&amp;id=6331391&amp;smallembed=1"" style=""height: 300px; width: 100%; border: none;""></iframe><img width='1' height='1' src='http://slashdot.feedsportal.com/c/35028/f/647410/s/413e0b5a/sc/21/mf.gif' border='0'/><br clear='all'/><br/><br/><a href=""http://da.feedsportal.com/r/214612522895/u/49/f/647410/c/35028/s/413e0b5a/sc/21/rc/1/rc.htm"" rel=""nofollow""><img src=""http://da.feedsportal.com/r/214612522895/u/49/f/647410/c/35028/s/413e0b5a/sc/21/rc/1/rc.img"" border=""0""/></a><br/><a href=""http://da.feedsportal.com/r/214612522895/u/49/f/647410/c/35028/s/413e0b5a/sc/21/rc/2/rc.htm"" rel=""nofollow""><img src=""http://da.feedsportal.com/r/214612522895/u/49/f/647410/c/35028/s/413e0b5a/sc/21/rc/2/rc.img"" border=""0""/></a><br/><a href=""http://da.feedsportal.com/r/214612522895/u/49/f/647410/c/35028/s/413e0b5a/sc/21/rc/3/rc.htm"" rel=""nofollow""><img src=""http://da.feedsportal.com/r/214612522895/u/49/f/647410/c/35028/s/413e0b5a/sc/21/rc/3/rc.img"" border=""0""/></a><br/><br/><a href=""http://da.feedsportal.com/r/214612522895/u/49/f/647410/c/35028/s/413e0b5a/sc/21/a2.htm""><img src=""http://da.feedsportal.com/r/214612522895/u/49/f/647410/c/35028/s/413e0b5a/sc/21/a2.img"" border=""0""/></a><img width=""1"" height=""1"" src=""http://pi.feedsportal.com/r/214612522895/u/49/f/647410/c/35028/s/413e0b5a/sc/21/a2t.img"" border=""0""/><img src=""//feeds.feedburner.com/~r/Slashdot/slashdot/~4/6HBCRkQ1f34"" height=""1"" width=""1"" alt=""""/>"
How Relevant is C in 2014?,http://rss.slashdot.org/~r/Slashdot/slashdot/~3/L5mGdAspAQs/story01.htm,"Nerval's Lobster writes: Many programming languages have come and gone since Dennis Ritchie devised C in 1972, and yet C has not only survived three major revisions, but continues to thrive. But aside from this incredible legacy, what keeps C atop the Tiobe Index? The number of jobs available for C programmers is not huge, and many of those also include C++ and Objective-C. On Reddit, the C community, while one of the ten most popular programming communities, is half the size of the C++ group. In a new column, David Bolton argues that C remains extremely relevant due to a number of factors including newer C compiler support, the Internet (""basically driven by C applications""), an immense amount of active software written in C that's still used, and its ease in learning. ""Knowing C provides a handy insight into higher-level languages &mdash; C++, Objective-C, Perl, Python, Java, PHP, C#, D and Go all have block syntax that's derived from C."" Do you agree?<p><div class=""share_submission"" style=""position:relative;""> <a class=""slashpop"" href=""http://twitter.com/home?status=How+Relevant+is+C+in+2014%3F%3A+http%3A%2F%2Fbit.ly%2F1ItAmtF""><img src=""http://a.fsdn.com/sd/twitter_icon_large.png""></a> <a class=""slashpop"" href=""http://www.facebook.com/sharer.php?u=http%3A%2F%2Fdevelopers.slashdot.org%2Fstory%2F14%2F12%2F09%2F0418252%2Fhow-relevant-is-c-in-2014%3Futm_source%3Dslashdot%26utm_medium%3Dfacebook""><img src=""http://a.fsdn.com/sd/facebook_icon_large.png""></a> <a class=""nobg"" href=""http://plus.google.com/share?url=http://developers.slashdot.org/story/14/12/09/0418252/how-relevant-is-c-in-2014?utm_source=slashdot&amp;utm_medium=googleplus"" onclick=""javascript:window.open(this.href,'', 'menubar=no,toolbar=no,resizable=yes,scrollbars=yes,height=600,width=600');return false;""><img src=""http://www.gstatic.com/images/icons/gplus-16.png"" alt=""Share on Google+""/></a> </div></p><p><a href=""http://developers.slashdot.org/story/14/12/09/0418252/how-relevant-is-c-in-2014?utm_source=rss1.0moreanon&amp;utm_medium=feed"">Read more of this story</a> at Slashdot.</p><iframe src=""http://slashdot.org/slashdot-it.pl?op=discuss&amp;id=6333509&amp;smallembed=1"" style=""height: 300px; width: 100%; border: none;""></iframe><img width='1' height='1' src='http://slashdot.feedsportal.com/c/35028/f/647410/s/41418064/sc/4/mf.gif' border='0'/><br clear='all'/><br/><br/><a href=""http://da.feedsportal.com/r/214612600175/u/49/f/647410/c/35028/s/41418064/sc/4/rc/1/rc.htm"" rel=""nofollow""><img src=""http://da.feedsportal.com/r/214612600175/u/49/f/647410/c/35028/s/41418064/sc/4/rc/1/rc.img"" border=""0""/></a><br/><a href=""http://da.feedsportal.com/r/214612600175/u/49/f/647410/c/35028/s/41418064/sc/4/rc/2/rc.htm"" rel=""nofollow""><img src=""http://da.feedsportal.com/r/214612600175/u/49/f/647410/c/35028/s/41418064/sc/4/rc/2/rc.img"" border=""0""/></a><br/><a href=""http://da.feedsportal.com/r/214612600175/u/49/f/647410/c/35028/s/41418064/sc/4/rc/3/rc.htm"" rel=""nofollow""><img src=""http://da.feedsportal.com/r/214612600175/u/49/f/647410/c/35028/s/41418064/sc/4/rc/3/rc.img"" border=""0""/></a><br/><br/><a href=""http://da.feedsportal.com/r/214612600175/u/49/f/647410/c/35028/s/41418064/sc/4/a2.htm""><img src=""http://da.feedsportal.com/r/214612600175/u/49/f/647410/c/35028/s/41418064/sc/4/a2.img"" border=""0""/></a><img width=""1"" height=""1"" src=""http://pi.feedsportal.com/r/214612600175/u/49/f/647410/c/35028/s/41418064/sc/4/a2t.img"" border=""0""/><img src=""//feeds.feedburner.com/~r/Slashdot/slashdot/~4/L5mGdAspAQs"" height=""1"" width=""1"" alt=""""/>"
How a top Anonymous hacker became an FBI informant (CBS News),http://news.feedzilla.com/en_us/stories/science/409543551?client_source=api&format=json,"Anonymous is one of the biggest online vigilante groups where members hack
into companies and governments. Hector Monsegur, a former top member who
helped carry out cyberattacks that caused $50 million in damage, is breaking
his silence in his first television interview on ""CBS This Morning.""

"
"Linux 3.18 Released, Lockup Bug Still Present",http://rss.slashdot.org/~r/Slashdot/slashdot/~3/lDHUojevLek/story01.htm,"jones_supa writes As anticipated, Linus Torvalds officially released Linux 3.18. The new version is now out there, though that nasty lockup issue has still yet to be resolved. Dave Jones is nearing the end of dissecting the issue, but since it also affects Linux 3.17 and not too many people seem to get hit by the lockups, Linus Torvalds decided to go ahead and do the 3.18 release on schedule. Linus was also concerned that dragging out the 3.18 release would then complicate the Linux 3.19 merge window due to the holidays later this month. Now the Linux 3.19 kernel merge window is open for two weeks of exciting changes.<p><div class=""share_submission"" style=""position:relative;""> <a class=""slashpop"" href=""http://twitter.com/home?status=Linux+3.18+Released%2C+Lockup+Bug+Still+Present%3A+http%3A%2F%2Fbit.ly%2F1zk0d35""><img src=""http://a.fsdn.com/sd/twitter_icon_large.png""></a> <a class=""slashpop"" href=""http://www.facebook.com/sharer.php?u=http%3A%2F%2Flinux.slashdot.org%2Fstory%2F14%2F12%2F08%2F2020251%2Flinux-318-released-lockup-bug-still-present%3Futm_source%3Dslashdot%26utm_medium%3Dfacebook""><img src=""http://a.fsdn.com/sd/facebook_icon_large.png""></a> <a class=""nobg"" href=""http://plus.google.com/share?url=http://linux.slashdot.org/story/14/12/08/2020251/linux-318-released-lockup-bug-still-present?utm_source=slashdot&amp;utm_medium=googleplus"" onclick=""javascript:window.open(this.href,'', 'menubar=no,toolbar=no,resizable=yes,scrollbars=yes,height=600,width=600');return false;""><img src=""http://www.gstatic.com/images/icons/gplus-16.png"" alt=""Share on Google+""/></a> </div></p><p><a href=""http://linux.slashdot.org/story/14/12/08/2020251/linux-318-released-lockup-bug-still-present?utm_source=rss1.0moreanon&amp;utm_medium=feed"">Read more of this story</a> at Slashdot.</p><iframe src=""http://slashdot.org/slashdot-it.pl?op=discuss&amp;id=6330847&amp;smallembed=1"" style=""height: 300px; width: 100%; border: none;""></iframe><img width='1' height='1' src='http://slashdot.feedsportal.com/c/35028/f/647410/s/413db865/sc/4/mf.gif' border='0'/><br clear='all'/><br/><br/><a href=""http://da.feedsportal.com/r/214612539404/u/49/f/647410/c/35028/s/413db865/sc/4/rc/1/rc.htm"" rel=""nofollow""><img src=""http://da.feedsportal.com/r/214612539404/u/49/f/647410/c/35028/s/413db865/sc/4/rc/1/rc.img"" border=""0""/></a><br/><a href=""http://da.feedsportal.com/r/214612539404/u/49/f/647410/c/35028/s/413db865/sc/4/rc/2/rc.htm"" rel=""nofollow""><img src=""http://da.feedsportal.com/r/214612539404/u/49/f/647410/c/35028/s/413db865/sc/4/rc/2/rc.img"" border=""0""/></a><br/><a href=""http://da.feedsportal.com/r/214612539404/u/49/f/647410/c/35028/s/413db865/sc/4/rc/3/rc.htm"" rel=""nofollow""><img src=""http://da.feedsportal.com/r/214612539404/u/49/f/647410/c/35028/s/413db865/sc/4/rc/3/rc.img"" border=""0""/></a><br/><br/><a href=""http://da.feedsportal.com/r/214612539404/u/49/f/647410/c/35028/s/413db865/sc/4/a2.htm""><img src=""http://da.feedsportal.com/r/214612539404/u/49/f/647410/c/35028/s/413db865/sc/4/a2.img"" border=""0""/></a><img width=""1"" height=""1"" src=""http://pi.feedsportal.com/r/214612539404/u/49/f/647410/c/35028/s/413db865/sc/4/a2t.img"" border=""0""/><img src=""//feeds.feedburner.com/~r/Slashdot/slashdot/~4/lDHUojevLek"" height=""1"" width=""1"" alt=""""/>"
Material Possiblities: A Flying Drone Built From Fungus,http://rss.slashdot.org/~r/Slashdot/slashdot/~3/v2OJNirH4tQ/story01.htm,"Nerval's Lobster writes What if you could construct an unmanned aerial vehicle out of biological material, specifically a lightweight-but-strong one known as mycelium? The vegetative part of a fungus, mycelium is already under consideration as a building material; other materials would include cellulose sheets, layered together into ""leather,"" as well as starches worked into a ""bioplastic."" While a mushroom-made drone is probably years away from takeoff, a proposal for the device caught some attention at this year's International Genetically Engineered Machine competition. Designed by a team of students from Brown, Spelman, and Stanford Universities in conjunction with researchers from NASA, such a drone would (theoretically) offer a cheap and lightweight way to get a camera and other tools airborne. 'If we want to fly it over wildfires to see where it's spreading, or if there's a nuclear meltdown and we want to fly in to see what's going on with the radioactivity, we can send in the drone and it can send back data without returning,' Ian Hull, a Stanford sophomore involved in the project, told Fast Company.<p><div class=""share_submission"" style=""position:relative;""> <a class=""slashpop"" href=""http://twitter.com/home?status=Material+Possiblities%3A+A+Flying+Drone+Built+From+Fungus%3A+http%3A%2F%2Fbit.ly%2F163cPAU""><img src=""http://a.fsdn.com/sd/twitter_icon_large.png""></a> <a class=""slashpop"" href=""http://www.facebook.com/sharer.php?u=http%3A%2F%2Fscience.slashdot.org%2Fstory%2F14%2F12%2F09%2F1541221%2Fmaterial-possiblities-a-flying-drone-built-from-fungus%3Futm_source%3Dslashdot%26utm_medium%3Dfacebook""><img src=""http://a.fsdn.com/sd/facebook_icon_large.png""></a> <a class=""nobg"" href=""http://plus.google.com/share?url=http://science.slashdot.org/story/14/12/09/1541221/material-possiblities-a-flying-drone-built-from-fungus?utm_source=slashdot&amp;utm_medium=googleplus"" onclick=""javascript:window.open(this.href,'', 'menubar=no,toolbar=no,resizable=yes,scrollbars=yes,height=600,width=600');return false;""><img src=""http://www.gstatic.com/images/icons/gplus-16.png"" alt=""Share on Google+""/></a> </div></p><p><a href=""http://science.slashdot.org/story/14/12/09/1541221/material-possiblities-a-flying-drone-built-from-fungus?utm_source=rss1.0moreanon&amp;utm_medium=feed"">Read more of this story</a> at Slashdot.</p><iframe src=""http://slashdot.org/slashdot-it.pl?op=discuss&amp;id=6339663&amp;smallembed=1"" style=""height: 300px; width: 100%; border: none;""></iframe><img width='1' height='1' src='http://slashdot.feedsportal.com/c/35028/f/647410/s/4144c0ed/sc/4/mf.gif' border='0'/><br clear='all'/><br/><br/><a href=""http://da.feedsportal.com/r/214612554279/u/49/f/647410/c/35028/s/4144c0ed/sc/4/rc/1/rc.htm"" rel=""nofollow""><img src=""http://da.feedsportal.com/r/214612554279/u/49/f/647410/c/35028/s/4144c0ed/sc/4/rc/1/rc.img"" border=""0""/></a><br/><a href=""http://da.feedsportal.com/r/214612554279/u/49/f/647410/c/35028/s/4144c0ed/sc/4/rc/2/rc.htm"" rel=""nofollow""><img src=""http://da.feedsportal.com/r/214612554279/u/49/f/647410/c/35028/s/4144c0ed/sc/4/rc/2/rc.img"" border=""0""/></a><br/><a href=""http://da.feedsportal.com/r/214612554279/u/49/f/647410/c/35028/s/4144c0ed/sc/4/rc/3/rc.htm"" rel=""nofollow""><img src=""http://da.feedsportal.com/r/214612554279/u/49/f/647410/c/35028/s/4144c0ed/sc/4/rc/3/rc.img"" border=""0""/></a><br/><br/><a href=""http://da.feedsportal.com/r/214612554279/u/49/f/647410/c/35028/s/4144c0ed/sc/4/a2.htm""><img src=""http://da.feedsportal.com/r/214612554279/u/49/f/647410/c/35028/s/4144c0ed/sc/4/a2.img"" border=""0""/></a><img width=""1"" height=""1"" src=""http://pi.feedsportal.com/r/214612554279/u/49/f/647410/c/35028/s/4144c0ed/sc/4/a2t.img"" border=""0""/><img src=""//feeds.feedburner.com/~r/Slashdot/slashdot/~4/v2OJNirH4tQ"" height=""1"" width=""1"" alt=""""/>"
Microsoft Files a Copyright Infringement Lawsuit For Activating Pirated Software,http://rss.slashdot.org/~r/Slashdot/slashdot/~3/xNfmpOeCIzk/story01.htm,"First time accepted submitter Esra Erimez writes Microsoft has filed a complaint at a federal court in Washington accusing person(s) behind an AT&amp;T subscription of activating various pirated copies of Windows 7 and Office 10. The account was identified by Microsoft's in-house cyberforensics team based on suspicious ""activation patterns."" Despite being one of the most pirated software vendors in the world, Microsoft doesn't have a long track record of cracking down on individual pirates. From the descriptions used in the complaint it seems likely that the target is not an average user, but someone who sells computers containing pirated software.<p><div class=""share_submission"" style=""position:relative;""> <a class=""slashpop"" href=""http://twitter.com/home?status=Microsoft+Files+a+Copyright+Infringement+Lawsuit+For+Activating+Pirated+Software%3A+http%3A%2F%2Fbit.ly%2F1GawN7G""><img src=""http://a.fsdn.com/sd/twitter_icon_large.png""></a> <a class=""slashpop"" href=""http://www.facebook.com/sharer.php?u=http%3A%2F%2Fyro.slashdot.org%2Fstory%2F14%2F12%2F08%2F2023229%2Fmicrosoft-files-a-copyright-infringement-lawsuit-for-activating-pirated-software%3Futm_source%3Dslashdot%26utm_medium%3Dfacebook""><img src=""http://a.fsdn.com/sd/facebook_icon_large.png""></a> <a class=""nobg"" href=""http://plus.google.com/share?url=http://yro.slashdot.org/story/14/12/08/2023229/microsoft-files-a-copyright-infringement-lawsuit-for-activating-pirated-software?utm_source=slashdot&amp;utm_medium=googleplus"" onclick=""javascript:window.open(this.href,'', 'menubar=no,toolbar=no,resizable=yes,scrollbars=yes,height=600,width=600');return false;""><img src=""http://www.gstatic.com/images/icons/gplus-16.png"" alt=""Share on Google+""/></a> </div></p><p><a href=""http://yro.slashdot.org/story/14/12/08/2023229/microsoft-files-a-copyright-infringement-lawsuit-for-activating-pirated-software?utm_source=rss1.0moreanon&amp;utm_medium=feed"">Read more of this story</a> at Slashdot.</p><iframe src=""http://slashdot.org/slashdot-it.pl?op=discuss&amp;id=6330861&amp;smallembed=1"" style=""height: 300px; width: 100%; border: none;""></iframe><img width='1' height='1' src='http://slashdot.feedsportal.com/c/35028/f/647410/s/413d73e8/sc/21/mf.gif' border='0'/><br clear='all'/><br/><br/><a href=""http://da.feedsportal.com/r/214612521059/u/49/f/647410/c/35028/s/413d73e8/sc/21/rc/1/rc.htm"" rel=""nofollow""><img src=""http://da.feedsportal.com/r/214612521059/u/49/f/647410/c/35028/s/413d73e8/sc/21/rc/1/rc.img"" border=""0""/></a><br/><a href=""http://da.feedsportal.com/r/214612521059/u/49/f/647410/c/35028/s/413d73e8/sc/21/rc/2/rc.htm"" rel=""nofollow""><img src=""http://da.feedsportal.com/r/214612521059/u/49/f/647410/c/35028/s/413d73e8/sc/21/rc/2/rc.img"" border=""0""/></a><br/><a href=""http://da.feedsportal.com/r/214612521059/u/49/f/647410/c/35028/s/413d73e8/sc/21/rc/3/rc.htm"" rel=""nofollow""><img src=""http://da.feedsportal.com/r/214612521059/u/49/f/647410/c/35028/s/413d73e8/sc/21/rc/3/rc.img"" border=""0""/></a><br/><br/><a href=""http://da.feedsportal.com/r/214612521059/u/49/f/647410/c/35028/s/413d73e8/sc/21/a2.htm""><img src=""http://da.feedsportal.com/r/214612521059/u/49/f/647410/c/35028/s/413d73e8/sc/21/a2.img"" border=""0""/></a><img width=""1"" height=""1"" src=""http://pi.feedsportal.com/r/214612521059/u/49/f/647410/c/35028/s/413d73e8/sc/21/a2t.img"" border=""0""/><img src=""//feeds.feedburner.com/~r/Slashdot/slashdot/~4/xNfmpOeCIzk"" height=""1"" width=""1"" alt=""""/>"
N.C. Eugenics Victims Shut Out of Settlement By Law’s Wording (bioethicscom),http://news.feedzilla.com/en_us/stories/science/409514645?client_source=api&format=json,"(Charlotte Observer) - More than 7,000 people were involuntarily sterilized
under North Carolina’s decades-long eugenics program. Now 10 words may keep
many from being compensated for it. The state has awarded $4.4 million to 220
victims. But scores more, possibly … Read More

"
NASA Mars rover finds key evidence for lake at landing site (reuters),http://news.feedzilla.com/en_us/stories/science/409521419?client_source=api&format=json,"CAPE CANAVERAL, Fla. (Reuters) - Billions of years ago, a lake once filled the
96-mile- (154-km) wide crater being explored by NASA’s Mars rover Curiosity,
bolstering evidence that the planet most like Earth in the solar system was
suitable for microbial life, scientists said on Monday.

"
NASA and Houston hospital work on spacesuit issue (The Arizona Republic),http://news.feedzilla.com/en_us/stories/science/409528399?client_source=api&format=json,"HOUSTON (AP) -- NASA is hoping some earthbound technology can help make it
easier to pinpoint problems with spacesuits....

"
"Nations Worst Hit by Global Warming Say Climate Aid Isn’t Charity, But Reparations (climateark)",http://news.feedzilla.com/en_us/stories/science/409546987?client_source=api&format=json,"Democracy Now: Convening in Lima, Peru, the annual United Nations Climate
Change Conference is in its second and final week of talks. Negotiators from
190 nations are working on a global deal to limit climate change, due to be
agreed on in Paris next year. Just last week the U.N.’s World Meteorological
Organization said 2014 is on track to be the hottest on record, or at least
among the very warmest. Including this year, 14 of the 15 hottest years on
record will have been in the 21st century. Deep divisions remain...

"
Never Too Old to Fight Cancer (Scientific American),http://news.feedzilla.com/en_us/stories/science/409548479?client_source=api&format=json,"As the number of elderly patients with cancer soars, researchers explore how
best to treat them


-- Read more on ScientificAmerican.com

"
New Dwarf Planet Redefines Solar System (Discover Magazine),http://news.feedzilla.com/en_us/stories/science/409483797?client_source=api&format=json,"The discovery of minor planet 2012 VP113 orbiting beyond Pluto changes the
borders of our solar neighborhood.

"
"POODLE Flaw Returns, This Time Hitting TLS Protocol",http://rss.slashdot.org/~r/Slashdot/slashdot/~3/U9wg7EclgmU/story01.htm,"angry tapir writes: If you patched your sites against a serious SSL flaw discovered in October you will have to check them again. Researchers have discovered that the POODLE vulnerability also affects implementations of the newer TLS protocol. The POODLE (Padding Oracle On Downgraded Legacy Encryption) vulnerability allows attackers who manage to intercept traffic between a user's browser and an HTTPS website to decrypt sensitive information, like the user's authentication cookies.<p><div class=""share_submission"" style=""position:relative;""> <a class=""slashpop"" href=""http://twitter.com/home?status=POODLE+Flaw+Returns%2C+This+Time+Hitting+TLS+Protocol%3A+http%3A%2F%2Fbit.ly%2F1seG9Jm""><img src=""http://a.fsdn.com/sd/twitter_icon_large.png""></a> <a class=""slashpop"" href=""http://www.facebook.com/sharer.php?u=http%3A%2F%2Fit.slashdot.org%2Fstory%2F14%2F12%2F09%2F0423210%2Fpoodle-flaw-returns-this-time-hitting-tls-protocol%3Futm_source%3Dslashdot%26utm_medium%3Dfacebook""><img src=""http://a.fsdn.com/sd/facebook_icon_large.png""></a> <a class=""nobg"" href=""http://plus.google.com/share?url=http://it.slashdot.org/story/14/12/09/0423210/poodle-flaw-returns-this-time-hitting-tls-protocol?utm_source=slashdot&amp;utm_medium=googleplus"" onclick=""javascript:window.open(this.href,'', 'menubar=no,toolbar=no,resizable=yes,scrollbars=yes,height=600,width=600');return false;""><img src=""http://www.gstatic.com/images/icons/gplus-16.png"" alt=""Share on Google+""/></a> </div></p><p><a href=""http://it.slashdot.org/story/14/12/09/0423210/poodle-flaw-returns-this-time-hitting-tls-protocol?utm_source=rss1.0moreanon&amp;utm_medium=feed"">Read more of this story</a> at Slashdot.</p><iframe src=""http://slashdot.org/slashdot-it.pl?op=discuss&amp;id=6333555&amp;smallembed=1"" style=""height: 300px; width: 100%; border: none;""></iframe><img width='1' height='1' src='http://slashdot.feedsportal.com/c/35028/f/647410/s/41411119/sc/4/mf.gif' border='0'/><br clear='all'/><br/><br/><a href=""http://da.feedsportal.com/r/214612551527/u/49/f/647410/c/35028/s/41411119/sc/4/rc/1/rc.htm"" rel=""nofollow""><img src=""http://da.feedsportal.com/r/214612551527/u/49/f/647410/c/35028/s/41411119/sc/4/rc/1/rc.img"" border=""0""/></a><br/><a href=""http://da.feedsportal.com/r/214612551527/u/49/f/647410/c/35028/s/41411119/sc/4/rc/2/rc.htm"" rel=""nofollow""><img src=""http://da.feedsportal.com/r/214612551527/u/49/f/647410/c/35028/s/41411119/sc/4/rc/2/rc.img"" border=""0""/></a><br/><a href=""http://da.feedsportal.com/r/214612551527/u/49/f/647410/c/35028/s/41411119/sc/4/rc/3/rc.htm"" rel=""nofollow""><img src=""http://da.feedsportal.com/r/214612551527/u/49/f/647410/c/35028/s/41411119/sc/4/rc/3/rc.img"" border=""0""/></a><br/><br/><a href=""http://da.feedsportal.com/r/214612551527/u/49/f/647410/c/35028/s/41411119/sc/4/a2.htm""><img src=""http://da.feedsportal.com/r/214612551527/u/49/f/647410/c/35028/s/41411119/sc/4/a2.img"" border=""0""/></a><img width=""1"" height=""1"" src=""http://pi.feedsportal.com/r/214612551527/u/49/f/647410/c/35028/s/41411119/sc/4/a2t.img"" border=""0""/><img src=""//feeds.feedburner.com/~r/Slashdot/slashdot/~4/U9wg7EclgmU"" height=""1"" width=""1"" alt=""""/>"
Removal of sulfur compounds from natural gas streams (Fresh Patents),http://news.feedzilla.com/en_us/stories/science/409512142?client_source=api&format=json,"A process for treatment of a natural gas stream, or other methane containing
stream that passes through a guard bed for removal of mercury and hydrolysis
of COS, followed by treatment with an absorbent unit containing an amine
solvent for removal of carbon dioxide and hydrogen sulfide. The gas is...

"
Stealthy Linux Trojan May Have Infected Victims For Years,http://rss.slashdot.org/~r/Slashdot/slashdot/~3/z3xBcvQ-jPw/story01.htm,"An anonymous reader writes: Researchers from Moscow-based Kaspersky Labs have uncovered an extremely stealthy trojan for Linux systems that attackers have been using to siphon sensitive data from governments and pharmaceutical companies around the world. The malware may have sat unnoticed on at least one victim computer for years, although Kaspersky Lab researchers still have not confirmed that suspicion. The trojan is able to run arbitrary commands even though it requires no elevated system privileges.<p><div class=""share_submission"" style=""position:relative;""> <a class=""slashpop"" href=""http://twitter.com/home?status=Stealthy+Linux+Trojan+May+Have+Infected+Victims+For+Years%3A+http%3A%2F%2Fbit.ly%2F1BvQIzY""><img src=""http://a.fsdn.com/sd/twitter_icon_large.png""></a> <a class=""slashpop"" href=""http://www.facebook.com/sharer.php?u=http%3A%2F%2Flinux.slashdot.org%2Fstory%2F14%2F12%2F09%2F0358259%2Fstealthy-linux-trojan-may-have-infected-victims-for-years%3Futm_source%3Dslashdot%26utm_medium%3Dfacebook""><img src=""http://a.fsdn.com/sd/facebook_icon_large.png""></a> <a class=""nobg"" href=""http://plus.google.com/share?url=http://linux.slashdot.org/story/14/12/09/0358259/stealthy-linux-trojan-may-have-infected-victims-for-years?utm_source=slashdot&amp;utm_medium=googleplus"" onclick=""javascript:window.open(this.href,'', 'menubar=no,toolbar=no,resizable=yes,scrollbars=yes,height=600,width=600');return false;""><img src=""http://www.gstatic.com/images/icons/gplus-16.png"" alt=""Share on Google+""/></a> </div></p><p><a href=""http://linux.slashdot.org/story/14/12/09/0358259/stealthy-linux-trojan-may-have-infected-victims-for-years?utm_source=rss1.0moreanon&amp;utm_medium=feed"">Read more of this story</a> at Slashdot.</p><iframe src=""http://slashdot.org/slashdot-it.pl?op=discuss&amp;id=6333275&amp;smallembed=1"" style=""height: 300px; width: 100%; border: none;""></iframe><img width='1' height='1' src='http://slashdot.feedsportal.com/c/35028/f/647410/s/4143a88a/sc/1/mf.gif' border='0'/><br clear='all'/><br/><br/><a href=""http://da.feedsportal.com/r/214612548342/u/49/f/647410/c/35028/s/4143a88a/sc/1/rc/1/rc.htm"" rel=""nofollow""><img src=""http://da.feedsportal.com/r/214612548342/u/49/f/647410/c/35028/s/4143a88a/sc/1/rc/1/rc.img"" border=""0""/></a><br/><a href=""http://da.feedsportal.com/r/214612548342/u/49/f/647410/c/35028/s/4143a88a/sc/1/rc/2/rc.htm"" rel=""nofollow""><img src=""http://da.feedsportal.com/r/214612548342/u/49/f/647410/c/35028/s/4143a88a/sc/1/rc/2/rc.img"" border=""0""/></a><br/><a href=""http://da.feedsportal.com/r/214612548342/u/49/f/647410/c/35028/s/4143a88a/sc/1/rc/3/rc.htm"" rel=""nofollow""><img src=""http://da.feedsportal.com/r/214612548342/u/49/f/647410/c/35028/s/4143a88a/sc/1/rc/3/rc.img"" border=""0""/></a><br/><br/><a href=""http://da.feedsportal.com/r/214612548342/u/49/f/647410/c/35028/s/4143a88a/sc/1/a2.htm""><img src=""http://da.feedsportal.com/r/214612548342/u/49/f/647410/c/35028/s/4143a88a/sc/1/a2.img"" border=""0""/></a><img width=""1"" height=""1"" src=""http://pi.feedsportal.com/r/214612548342/u/49/f/647410/c/35028/s/4143a88a/sc/1/a2t.img"" border=""0""/><img src=""//feeds.feedburner.com/~r/Slashdot/slashdot/~4/z3xBcvQ-jPw"" height=""1"" width=""1"" alt=""""/>"
The Failed Economics of Our Software Commons,http://rss.slashdot.org/~r/Slashdot/slashdot/~3/mcV4yn4c76A/story01.htm,"An anonymous reader writes: Most software developers are intimately familiar with having to waste time implementing something they probably shouldn't need to implement, or spending countless hours making their code work with bad (but required) software. Developer Paul Chiusano says this is because the economic model we use for building software just doesn't work. He writes, ""What's the problem? In software, everyone is solving similar problems, and software makes it trivial to share solutions to these problems (unlike physical goods), in the form of common libraries, tools, etc. This ease of sharing means it makes perfect sense for actors to cooperate on the development of solutions to common problems. ... Obviously, it would be crazy to staff such critical projects largely with a handful of unpaid volunteers working in their spare time. Er, right?? Yet that is what projects like OpenSSL do. A huge number of people and businesses ostensibly benefit from these projects, and the vast majority are freeriders that contribute nothing to their development. This problem of freeriders is something that has plagued open source software for a very long time."" Chiusano has some suggestions on how we can improve the way we allocate resources to software development.<p><div class=""share_submission"" style=""position:relative;""> <a class=""slashpop"" href=""http://twitter.com/home?status=The+Failed+Economics+of+Our+Software+Commons%3A+http%3A%2F%2Fbit.ly%2F1wsHp2s""><img src=""http://a.fsdn.com/sd/twitter_icon_large.png""></a> <a class=""slashpop"" href=""http://www.facebook.com/sharer.php?u=http%3A%2F%2Ftech.slashdot.org%2Fstory%2F14%2F12%2F08%2F2354215%2Fthe-failed-economics-of-our-software-commons%3Futm_source%3Dslashdot%26utm_medium%3Dfacebook""><img src=""http://a.fsdn.com/sd/facebook_icon_large.png""></a> <a class=""nobg"" href=""http://plus.google.com/share?url=http://tech.slashdot.org/story/14/12/08/2354215/the-failed-economics-of-our-software-commons?utm_source=slashdot&amp;utm_medium=googleplus"" onclick=""javascript:window.open(this.href,'', 'menubar=no,toolbar=no,resizable=yes,scrollbars=yes,height=600,width=600');return false;""><img src=""http://www.gstatic.com/images/icons/gplus-16.png"" alt=""Share on Google+""/></a> </div></p><p><a href=""http://tech.slashdot.org/story/14/12/08/2354215/the-failed-economics-of-our-software-commons?utm_source=rss1.0moreanon&amp;utm_medium=feed"">Read more of this story</a> at Slashdot.</p><iframe src=""http://slashdot.org/slashdot-it.pl?op=discuss&amp;id=6331863&amp;smallembed=1"" style=""height: 300px; width: 100%; border: none;""></iframe><img width='1' height='1' src='http://slashdot.feedsportal.com/c/35028/f/647410/s/413e4b5f/sc/4/mf.gif' border='0'/><br clear='all'/><br/><br/><a href=""http://da.feedsportal.com/r/214612546506/u/49/f/647410/c/35028/s/413e4b5f/sc/4/rc/1/rc.htm"" rel=""nofollow""><img src=""http://da.feedsportal.com/r/214612546506/u/49/f/647410/c/35028/s/413e4b5f/sc/4/rc/1/rc.img"" border=""0""/></a><br/><a href=""http://da.feedsportal.com/r/214612546506/u/49/f/647410/c/35028/s/413e4b5f/sc/4/rc/2/rc.htm"" rel=""nofollow""><img src=""http://da.feedsportal.com/r/214612546506/u/49/f/647410/c/35028/s/413e4b5f/sc/4/rc/2/rc.img"" border=""0""/></a><br/><a href=""http://da.feedsportal.com/r/214612546506/u/49/f/647410/c/35028/s/413e4b5f/sc/4/rc/3/rc.htm"" rel=""nofollow""><img src=""http://da.feedsportal.com/r/214612546506/u/49/f/647410/c/35028/s/413e4b5f/sc/4/rc/3/rc.img"" border=""0""/></a><br/><br/><a href=""http://da.feedsportal.com/r/214612546506/u/49/f/647410/c/35028/s/413e4b5f/sc/4/a2.htm""><img src=""http://da.feedsportal.com/r/214612546506/u/49/f/647410/c/35028/s/413e4b5f/sc/4/a2.img"" border=""0""/></a><img width=""1"" height=""1"" src=""http://pi.feedsportal.com/r/214612546506/u/49/f/647410/c/35028/s/413e4b5f/sc/4/a2t.img"" border=""0""/><img src=""//feeds.feedburner.com/~r/Slashdot/slashdot/~4/mcV4yn4c76A"" height=""1"" width=""1"" alt=""""/>"
The Lives of the Galaxies (Discover Magazine),http://news.feedzilla.com/en_us/stories/science/409529374?client_source=api&format=json,"Astronomers gained new insights into the life cycles of galaxies.

"
The Rise of the Global Surveillance Profiteers,http://rss.slashdot.org/~r/Slashdot/slashdot/~3/jAVvhns0cFg/story01.htm,"blottsie writes ""A new report takes a deep dive into companies like Hacking Team, which have sprouted up in the years since 9/11 sparked a global war on terror and a wired technological revolution. As the U.S. developed the online surveillance tools that, over a decade later, would eventually be revealed to the world by National Security Agency whistleblower Edward Snowden, savvy businesses across the globe realized there were plenty of countries that might not be able to afford to develop such sophisticated technology in-house but still had money to burn.""<p><div class=""share_submission"" style=""position:relative;""> <a class=""slashpop"" href=""http://twitter.com/home?status=The+Rise+of+the+Global+Surveillance+Profiteers%3A+http%3A%2F%2Fbit.ly%2F1Bu9acu""><img src=""http://a.fsdn.com/sd/twitter_icon_large.png""></a> <a class=""slashpop"" href=""http://www.facebook.com/sharer.php?u=http%3A%2F%2Fnews.slashdot.org%2Fstory%2F14%2F12%2F08%2F2027226%2Fthe-rise-of-the-global-surveillance-profiteers%3Futm_source%3Dslashdot%26utm_medium%3Dfacebook""><img src=""http://a.fsdn.com/sd/facebook_icon_large.png""></a> <a class=""nobg"" href=""http://plus.google.com/share?url=http://news.slashdot.org/story/14/12/08/2027226/the-rise-of-the-global-surveillance-profiteers?utm_source=slashdot&amp;utm_medium=googleplus"" onclick=""javascript:window.open(this.href,'', 'menubar=no,toolbar=no,resizable=yes,scrollbars=yes,height=600,width=600');return false;""><img src=""http://www.gstatic.com/images/icons/gplus-16.png"" alt=""Share on Google+""/></a> </div></p><p><a href=""http://news.slashdot.org/story/14/12/08/2027226/the-rise-of-the-global-surveillance-profiteers?utm_source=rss1.0moreanon&amp;utm_medium=feed"">Read more of this story</a> at Slashdot.</p><iframe src=""http://slashdot.org/slashdot-it.pl?op=discuss&amp;id=6330883&amp;smallembed=1"" style=""height: 300px; width: 100%; border: none;""></iframe><img width='1' height='1' src='http://slashdot.feedsportal.com/c/35028/f/647410/s/413e046b/sc/1/mf.gif' border='0'/><br clear='all'/><br/><br/><a href=""http://da.feedsportal.com/r/214612522016/u/49/f/647410/c/35028/s/413e046b/sc/1/rc/1/rc.htm"" rel=""nofollow""><img src=""http://da.feedsportal.com/r/214612522016/u/49/f/647410/c/35028/s/413e046b/sc/1/rc/1/rc.img"" border=""0""/></a><br/><a href=""http://da.feedsportal.com/r/214612522016/u/49/f/647410/c/35028/s/413e046b/sc/1/rc/2/rc.htm"" rel=""nofollow""><img src=""http://da.feedsportal.com/r/214612522016/u/49/f/647410/c/35028/s/413e046b/sc/1/rc/2/rc.img"" border=""0""/></a><br/><a href=""http://da.feedsportal.com/r/214612522016/u/49/f/647410/c/35028/s/413e046b/sc/1/rc/3/rc.htm"" rel=""nofollow""><img src=""http://da.feedsportal.com/r/214612522016/u/49/f/647410/c/35028/s/413e046b/sc/1/rc/3/rc.img"" border=""0""/></a><br/><br/><a href=""http://da.feedsportal.com/r/214612522016/u/49/f/647410/c/35028/s/413e046b/sc/1/a2.htm""><img src=""http://da.feedsportal.com/r/214612522016/u/49/f/647410/c/35028/s/413e046b/sc/1/a2.img"" border=""0""/></a><img width=""1"" height=""1"" src=""http://pi.feedsportal.com/r/214612522016/u/49/f/647410/c/35028/s/413e046b/sc/1/a2t.img"" border=""0""/><img src=""//feeds.feedburner.com/~r/Slashdot/slashdot/~4/jAVvhns0cFg"" height=""1"" width=""1"" alt=""""/>"
Two Futures Can Explain Time's Mysterious Past (Scientific American),http://news.feedzilla.com/en_us/stories/science/409493718?client_source=api&format=json,"New theories suggest the big bang was not the beginning, and that we may live
in the past of a parallel universe


-- Read more on ScientificAmerican.com

"
Unity 8 Will Bring 'Pure' Linux Experience To Mobile Devices,http://rss.slashdot.org/~r/Slashdot/slashdot/~3/OXs2t1HzpHc/story01.htm,"sfcrazy writes If you have tried the live images of Ubuntu Next you may worry that Canonical is trying to do a Windows 8 with Ubuntu. That's not true. There is no need to worry though: A great deal of work is happening at a deeper level that may not have yet surfaced. It will surface eventually, however. Will Cooke of Canonical clarifies: ""We are trying to make it clear that Unity 8 desktop will look like the traditional desktop and will behave like a normal desktop. We are very aware that our users expect a normal desktop there."" Unity 8 will offer the traditional desktop interface when it detects a desktop. The same OS will switch to a touch-based interface on touch-based devices such as tablets and smartphones.<p><div class=""share_submission"" style=""position:relative;""> <a class=""slashpop"" href=""http://twitter.com/home?status=Unity+8+Will+Bring+'Pure'+Linux+Experience+To+Mobile+Devices%3A+http%3A%2F%2Fbit.ly%2F1B16H68""><img src=""http://a.fsdn.com/sd/twitter_icon_large.png""></a> <a class=""slashpop"" href=""http://www.facebook.com/sharer.php?u=http%3A%2F%2Flinux.slashdot.org%2Fstory%2F14%2F12%2F09%2F1516240%2Funity-8-will-bring-pure-linux-experience-to-mobile-devices%3Futm_source%3Dslashdot%26utm_medium%3Dfacebook""><img src=""http://a.fsdn.com/sd/facebook_icon_large.png""></a> <a class=""nobg"" href=""http://plus.google.com/share?url=http://linux.slashdot.org/story/14/12/09/1516240/unity-8-will-bring-pure-linux-experience-to-mobile-devices?utm_source=slashdot&amp;utm_medium=googleplus"" onclick=""javascript:window.open(this.href,'', 'menubar=no,toolbar=no,resizable=yes,scrollbars=yes,height=600,width=600');return false;""><img src=""http://www.gstatic.com/images/icons/gplus-16.png"" alt=""Share on Google+""/></a> </div></p><p><a href=""http://linux.slashdot.org/story/14/12/09/1516240/unity-8-will-bring-pure-linux-experience-to-mobile-devices?utm_source=rss1.0moreanon&amp;utm_medium=feed"">Read more of this story</a> at Slashdot.</p><iframe src=""http://slashdot.org/slashdot-it.pl?op=discuss&amp;id=6339545&amp;smallembed=1"" style=""height: 300px; width: 100%; border: none;""></iframe><img width='1' height='1' src='http://slashdot.feedsportal.com/c/35028/f/647410/s/414484e6/sc/4/mf.gif' border='0'/><br clear='all'/><br/><br/><a href=""http://da.feedsportal.com/r/214612574619/u/49/f/647410/c/35028/s/414484e6/sc/4/rc/1/rc.htm"" rel=""nofollow""><img src=""http://da.feedsportal.com/r/214612574619/u/49/f/647410/c/35028/s/414484e6/sc/4/rc/1/rc.img"" border=""0""/></a><br/><a href=""http://da.feedsportal.com/r/214612574619/u/49/f/647410/c/35028/s/414484e6/sc/4/rc/2/rc.htm"" rel=""nofollow""><img src=""http://da.feedsportal.com/r/214612574619/u/49/f/647410/c/35028/s/414484e6/sc/4/rc/2/rc.img"" border=""0""/></a><br/><a href=""http://da.feedsportal.com/r/214612574619/u/49/f/647410/c/35028/s/414484e6/sc/4/rc/3/rc.htm"" rel=""nofollow""><img src=""http://da.feedsportal.com/r/214612574619/u/49/f/647410/c/35028/s/414484e6/sc/4/rc/3/rc.img"" border=""0""/></a><br/><br/><a href=""http://da.feedsportal.com/r/214612574619/u/49/f/647410/c/35028/s/414484e6/sc/4/a2.htm""><img src=""http://da.feedsportal.com/r/214612574619/u/49/f/647410/c/35028/s/414484e6/sc/4/a2.img"" border=""0""/></a><img width=""1"" height=""1"" src=""http://pi.feedsportal.com/r/214612574619/u/49/f/647410/c/35028/s/414484e6/sc/4/a2t.img"" border=""0""/><img src=""//feeds.feedburner.com/~r/Slashdot/slashdot/~4/OXs2t1HzpHc"" height=""1"" width=""1"" alt=""""/>"
Viewers slam snake-eats-man 'scam' (APN),http://news.feedzilla.com/en_us/stories/science/409524474?client_source=api&format=json,"* This story contains spoilers. Do not read if you plan on watching Eaten
Alive on Friday night. Discovery Channel's Eaten Alive special that pitted
snake against man drew more than four million viewers, but not all conside

"
